rank,mr_id,priority_score,fdr,norm_cost,one_minus_norm_cost,diversity_at_selection
1,MR15,0.650771,0.675,0.933646,0.066354,1.0
2,MR12,0.386214,0.6375,0.947162,0.052838,0.189655
3,MR01,0.351616,0.5125,0.932263,0.067737,0.272727
4,MR02,0.341456,0.3375,0.927381,0.072619,0.527273
5,MR10,0.322683,0.35,0.938056,0.061944,0.45098
6,MR17,0.313875,0.0,0.930625,0.069375,1.0
7,MR18,0.30716,0.0875,0.924328,0.075672,0.827586
8,MR16,0.306978,0.0,0.965112,0.034888,1.0
9,MR08,0.30396,0.025,0.935555,0.064445,0.928571
10,MR14,0.301096,0.4625,0.929842,0.070158,0.186047
11,MR11,0.293107,0.2375,0.925089,0.074911,0.53125
12,MR09,0.275887,0.1125,0.919673,0.080327,0.678571
13,MR05,0.27318,0.45,0.951406,0.048594,0.128205
14,MR19,0.272163,0.525,0.987401,0.012599,0.02381
15,MR03,0.25981,0.175,0.942024,0.057976,0.535714
16,MR20,0.25856,0.0875,0.925951,0.074049,0.666667
17,MR04,0.256989,0.375,0.936341,0.063659,0.189189
18,MR13,0.215201,0.1,0.923997,0.076003,0.5
19,MR07,0.14563,0.0875,0.990599,0.009401,0.333333
20,MR06,0.116964,0.0625,1.0,0.0,0.285714
