mr_id,fdr,cost_ms,norm_cost
MR01,0.5125,2742.7452,0.932263
MR02,0.3375,2728.3802,0.927381
MR03,0.175,2771.4608,0.942024
MR04,0.375,2754.7424,0.936341
MR05,0.45,2799.0625,0.951406
MR06,0.0625,2942.0283,1.0
MR07,0.0875,2914.3696,0.990599
MR08,0.025,2752.4307,0.935555
MR09,0.1125,2705.7035,0.919673
MR10,0.35,2759.7859,0.938056
MR11,0.2375,2721.6377,0.925089
MR12,0.6375,2786.5767,0.947162
MR13,0.1,2718.4265,0.923997
MR14,0.4625,2735.6212,0.929842
MR15,0.675,2746.814,0.933646
MR16,0.0,2839.3877,0.965112
MR17,0.0,2737.9248,0.930625
MR18,0.0875,2719.4004,0.924328
MR19,0.525,2904.9623,0.987401
MR20,0.0875,2724.1755,0.925951
